{
  "extract" : {
    "transaction" : "extract",
    "sampleCount" : 11200,
    "errorCount" : 0,
    "errorPct" : 0.0,
    "meanResTime" : 85.21955357142835,
    "minResTime" : 62.0,
    "maxResTime" : 372.0,
    "pct1ResTime" : 102.0,
    "pct2ResTime" : 108.0,
    "pct3ResTime" : 129.0,
    "throughput" : 37.0392417538081,
    "receivedKBytesPerSec" : 614.7067931664252,
    "sentKBytesPerSec" : 0.0
  },
  "Total" : {
    "transaction" : "Total",
    "sampleCount" : 11200,
    "errorCount" : 0,
    "errorPct" : 0.0,
    "meanResTime" : 85.21955357142835,
    "minResTime" : 62.0,
    "maxResTime" : 372.0,
    "pct1ResTime" : 102.0,
    "pct2ResTime" : 108.0,
    "pct3ResTime" : 129.0,
    "throughput" : 37.0392417538081,
    "receivedKBytesPerSec" : 614.7067931664252,
    "sentKBytesPerSec" : 0.0
  }
}